Post Number, Post Time, Get Time
0, 0.000099, 0.000036
1, 0.000096, 0.000042
2, 0.000093, 0.000041
3, 0.000086, 0.000033
4, 0.000090, 0.000042
5, 0.000084, 0.000033
6, 0.000085, 0.000032
7, 0.000091, 0.000036
8, 0.000087, 0.000035
9, 0.000098, 0.000066
10, 0.000090, 0.000037
11, 0.000086, 0.000035
12, 0.000086, 0.000037
13, 0.000091, 0.000035
14, 0.000090, 0.000072
15, 0.000088, 0.000033
16, 0.000085, 0.000035
17, 0.000101, 0.000043
18, 0.000093, 0.000035
19, 0.000100, 0.000053
20, 0.000085, 0.000043
21, 0.000088, 0.000035
22, 0.000089, 0.000036
23, 0.000087, 0.000033
24, 0.000086, 0.000036
25, 0.000080, 0.000034
26, 0.000092, 0.000041
27, 0.000079, 0.000033
28, 0.000105, 0.000045
29, 0.000104, 0.000046
30, 0.000062, 0.000012
31, 0.000107, 0.000046
32, 0.000087, 0.000034
33, 0.000087, 0.000035
34, 0.000102, 0.000043
35, 0.000089, 0.000033
36, 0.000089, 0.000038
37, 0.000088, 0.000033
38, 0.000078, 0.000023
39, 0.000202, 0.000045
40, 0.000096, 0.000043
41, 0.000090, 0.000035
42, 0.000086, 0.000032
43, 0.000091, 0.000037
44, 0.000084, 0.000046
45, 0.000101, 0.000069
46, 0.000090, 0.000035
47, 0.000085, 0.000033
48, 0.000064, 0.000018
49, 0.000085, 0.000034
50, 0.000083, 0.000033
51, 0.000088, 0.000032
52, 0.000088, 0.000034
53, 0.000107, 0.000045
54, 0.000085, 0.000032
55, 0.000088, 0.000037
56, 0.000086, 0.000030
57, 0.000089, 0.000035
58, 0.000084, 0.000036
59, 0.000088, 0.000040
60, 0.000083, 0.000034
61, 0.000087, 0.000038
62, 0.000086, 0.000039
63, 0.000085, 0.000039
64, 0.000084, 0.000032
65, 0.000091, 0.000040
66, 0.000090, 0.000035
67, 0.000088, 0.000042
68, 0.000088, 0.000035
69, 0.000136, 0.000046
70, 0.000087, 0.000032
71, 0.000065, 0.000008
72, 0.000102, 0.000043
73, 0.000084, 0.000029
74, 0.000094, 0.000043
75, 0.000087, 0.000033
76, 0.000088, 0.000039
77, 0.000099, 0.000034
78, 0.000067, 0.000008
79, 0.000106, 0.000033
80, 0.000085, 0.000033
81, 0.000083, 0.000031
82, 0.000087, 0.000039
83, 0.000092, 0.000037
84, 0.000081, 0.000033
85, 0.000084, 0.000037
86, 0.000085, 0.000033
87, 0.000085, 0.000033
88, 0.000087, 0.000033
89, 0.000088, 0.000037
90, 0.000070, 0.000010
91, 0.000089, 0.000033
92, 0.000089, 0.000021
93, 0.000083, 0.000037
94, 0.000086, 0.000039
95, 0.000057, 0.000008
96, 0.000078, 0.000036
97, 0.000086, 0.000035
98, 0.000065, 0.000009
99, 0.000101, 0.000048
