Post Number, Post Time, Get Time
0, 0.000159, 0.000075
1, 0.000092, 0.000049
2, 0.000162, 0.000121
3, 0.000155, 0.000124
4, 0.000098, 0.000115
5, 0.000155, 0.000099
6, 0.000114, 0.000092
7, 0.000151, 0.000113
8, 0.000151, 0.000132
9, 0.000105, 0.000028
10, 0.000146, 0.000112
11, 0.000112, 0.000053
12, 0.000130, 0.000119
13, 0.000159, 0.000076
14, 0.000151, 0.000084
15, 0.000134, 0.000095
16, 0.000126, 0.000105
17, 0.000123, 0.000067
18, 0.000126, 0.000109
19, 0.000161, 0.000106
20, 0.000122, 0.000092
21, 0.000149, 0.000070
22, 0.000155, 0.000087
23, 0.000172, 0.000116
24, 0.000120, 0.000075
25, 0.000152, 0.000128
26, 0.000162, 0.000079
27, 0.000158, 0.000090
28, 0.000095, 0.000119
29, 0.000121, 0.000092
30, 0.000153, 0.000099
31, 0.000113, 0.000071
32, 0.000133, 0.000095
33, 0.000103, 0.000090
34, 0.000112, 0.000158
35, 0.000113, 0.000130
36, 0.000160, 0.000115
37, 0.000102, 0.000052
38, 0.000133, 0.000114
39, 0.000130, 0.000074
40, 0.000187, 0.000116
41, 0.000157, 0.000095
42, 0.000149, 0.000098
43, 0.000123, 0.000074
44, 0.000155, 0.000075
45, 0.000111, 0.000168
46, 0.000107, 0.000051
47, 0.000117, 0.000052
48, 0.000164, 0.000083
49, 0.000120, 0.000068
50, 0.000142, 0.000113
51, 0.000134, 0.000074
52, 0.000108, 0.000086
53, 0.000103, 0.000051
54, 0.000121, 0.000097
55, 0.000096, 0.000107
56, 0.000108, 0.000086
57, 0.000089, 0.000116
58, 0.000121, 0.000107
59, 0.000168, 0.000116
60, 0.000122, 0.000051
61, 0.000155, 0.000120
62, 0.000106, 0.000084
63, 0.000185, 0.000076
64, 0.000088, 0.000091
65, 0.000132, 0.000059
66, 0.000069, 0.000087
67, 0.000157, 0.000115
68, 0.000121, 0.000113
69, 0.000091, 0.000086
70, 0.000103, 0.000108
71, 0.000103, 0.000149
72, 0.000109, 0.000086
73, 0.000108, 0.000113
74, 0.000169, 0.000099
75, 0.000109, 0.000087
76, 0.000153, 0.000114
77, 0.000140, 0.000141
78, 0.000083, 0.000020
79, 0.000112, 0.000064
80, 0.000124, 0.000054
81, 0.000123, 0.000098
82, 0.000119, 0.000054
83, 0.000166, 0.000113
84, 0.000153, 0.000118
85, 0.000123, 0.000050
86, 0.000115, 0.000051
87, 0.000127, 0.000094
88, 0.000121, 0.000107
89, 0.000124, 0.000093
90, 0.000112, 0.000086
91, 0.000134, 0.000104
92, 0.000097, 0.000084
93, 0.000152, 0.000122
94, 0.000083, 0.000051
95, 0.000140, 0.000069
96, 0.000105, 0.000088
97, 0.000090, 0.000050
98, 0.000112, 0.000054
99, 0.000110, 0.000049
